LG 01,LG 02,LG 03,LG 04,LG 05,LG 06,LG 07,LG 08,LG 09,LG 10,LG 11,LG 12,LG 13,LG 14,LG 15,LG 16,LG 17,LG 18,LG 19,LG 20,LG 21,LG 22,LG 23,LG 24,LG 25,LG 26,LG 27,LG 28,LG 29,eload_med_ind,eload_small_ind,eload_comm
13.92293539,12.28420901,4.102014945,15.0823135,1.941308467,28.21188073,25.80162201,10.11726373,23.75113444,40.80231114,31.64322403,0,6.238806,0,5.153253756,19.21552248,0,20.4840797,58.30684108,37.17288575,73.66990085,8.5263682,24.0194031,45.1273634,4.791403008,18.34208964,90.1507467,90.1507467,72.00621925,0.254242135,0.484154522,0.02075227
13.87094534,7.123676651,3.758880615,12.74796026,4.981686591,22.88290061,13.16803986,7.02905476,25.96591057,30.39598273,30.72300015,0,6.51955227,0,4.691582112,17.59343292,0,20.5880598,59.6845774,31.97388075,79.024876,8.0064677,23.8114429,37.2248758,4.39835823,18.79960208,92.90621935,92.90621935,76.16542325,0.240181125,0.481841314,0.026588846
12.50360703,6.487318439,4.944253755,12.65437817,1.941308467,17.49153242,7.071686601,7.00825874,26.57731356,23.19380111,30.09600014,0,6.20761197,0,5.168850771,17.42706476,0,23.1875623,58.0208958,31.45398025,77.0492541,8.4223881,23.6034827,37.6407962,4.487781116,19.04915432,88.2791049,88.2791049,92.0223885,0.230600572,0.421003932,0.020103761
6.08283585,6.200333363,5.89567167,13.39263688,3.882616934,15.96198515,5.356014951,6.94587068,33.93286583,22.05261951,29.07907477,0,6.33238809,0,4.944253755,17.73900506,0,23.2915424,57.55298535,32.7537315,76.16542325,8.2144279,23.8114429,38.0567166,4.311014946,18.6124379,87.4472641,87.4472641,102.1604483,0.215061964,0.135322693,0.022697795
9.966492585,6.18681595,6.08283585,15.31106973,2.447691554,13.80647768,5.459995051,6.982263715,41.60035841,24.93390808,29.03228372,0,6.05164182,0,4.994164203,17.44786078,2.717000013,43.2557216,61.21828388,32.49378125,65.8194033,8.2144279,25.995025,35.7691544,4.62711445,24.51850758,113.1823389,113.1823389,95.661692,0.214346997,0.308119362,0.016861219
8.68233835,6.291835851,6.067238835,13.66818415,4.305815941,13.87718415,7.656054763,8.50557218,43.30979125,23.98456977,28.67979118,0.06238806,5.83328361,3.540522405,5.483910474,17.07353242,5.719945301,49.3905475,80.94850785,110.4788562,83.7039805,8.0064677,25.3711444,43.4636818,11.53659209,123.0084583,123.4763687,123.4763687,89.422886,0.208960915,0.250983114,0.01232166
7.190223915,8.188432875,6.92507466,12.70116922,28.95949765,19.17601004,5.837442814,28.85447775,40.90785094,29.87764193,35.47073151,13.38223887,6.80029854,7.626940335,19.89867174,18.1965175,10.00912443,52.9258709,105.8257468,139.0733838,114.5860702,8.0064677,30.4661693,112.7144284,35.82530365,146.611941,192.6751253,192.6751253,246.9527375,0.312726406,0.184594032,0.032425422
5.07422888,10.73698513,9.405000045,10.87631846,29.55218422,29.02396531,14.11633838,34.5213932,41.56292557,35.86117679,59.86446297,28.35537327,33.44000016,20.60365681,44.63241812,42.92298528,67.76903018,59.5805973,116.431717,143.2325878,130.6509957,8.2144279,74.9696521,148.691543,105.3224831,188.1000009,239.3102002,239.3102002,350.6728873,0.685462345,0.090446449,0.586251621
3.748482605,14.92218415,12.88313439,12.72196523,26.00438321,27.02130859,14.57177121,38.21788576,41.43814945,37.73229869,63.76371672,39.91276138,51.18940323,40.45865691,87.63338848,51.03343308,61.47927393,66.8592043,132.0027369,134.134329,120.9808464,27.7626867,195.0666676,155.3462694,126.3659757,206.0469662,263.4335834,263.4335834,401.8830865,0.745042898,0.031459635,0.955252918
17.54664188,20.14718418,12.52440305,18.21211452,24.90739315,25.63837326,21.70584587,40.22470169,49.32400024,39.91380119,62.49723911,40.05313452,53.3417913,37.83835839,71.04128392,52.21880622,40.32036338,64.6756222,132.6786076,148.4315928,128.2594534,129.4552245,219.2940309,148.691543,72.45021428,200.3072646,272.1242401,272.1242401,428.9179125,0.725691134,0.645385149,1
22.17895533,20.43208965,12.27485081,20.35410457,31.83038821,25.49384092,23.13661205,42.24711463,45.66805992,37.96417431,65.28286598,42.86059722,39.89716437,38.72738825,73.20926901,52.94666692,39.89092556,63.1159207,118.4073389,129.975125,126.5957718,140.373135,179.6776128,158.6736326,173.7039561,211.2459712,274.8121257,274.8121257,413.3208975,0.768255481,0.851492019,0.720492866
21.09236329,22.00530856,12.35283588,19.04915432,29.80381606,26.91940809,25.60509963,39.79318427,43.0477614,41.74853005,69.26946302,36.37223898,41.05134348,39.1952987,100.0330154,50.6383087,46.46662709,62.38806,113.6242543,114.1181598,126.6477618,139.8532345,216.5905483,160.9611948,79.71426406,204.7368169,285.0333695,285.0333695,429.1778628,0.829170639,0.803145963,0.744487678
21.18074637,22.61671155,15.16029858,19.40788567,31.07029368,27.69094043,24.47483594,41.64403005,42.2117614,40.6510201,53.94695548,30.91328373,33.03447777,37.05850764,59.75216446,50.8462689,27.452826,53.7577117,102.7583338,108.9191548,129.3512444,119.7850752,183.6288566,155.5542296,123.6656125,189.1190059,281.6956083,281.6956083,396.9440317,0.595042898,0.807078418,0.577821012
21.64865682,22.83714936,13.97492544,21.60186577,25.41481604,26.24873644,25.22869166,43.13614448,45.30620917,38.81005242,71.46864213,39.83477631,50.40955248,35.35843301,75.45835857,57.56338336,37.03043301,47.4149256,112.0905478,98.52114475,131.3788563,137.4616922,150.3552246,127.0636822,155.5500704,177.1820904,270.4543197,270.4543197,404.2226388,0.862774071,0.827897294,0.939040208
21.33671652,22.96816429,13.66298514,21.71624388,22.88082101,25.96799017,24.2284031,42.71502508,42.08074647,39.16722407,73.7208511,32.78492553,50.09761218,35.60798524,70.48603019,50.07681616,33.88503499,43.8796022,103.5381846,99.3009955,142.3487569,131.3268663,200.2656726,130.5990056,136.3303887,140.7682594,275.2082899,275.2082899,403.442788,0.897187798,0.814018043,0.932555123
21.47189065,20.0681593,14.19328365,21.80982598,23.72513942,25.24844788,25.1652638,41.85718925,35.50504495,40.43630119,63.19286597,34.54738823,50.09761218,35.90432853,77.23953768,69.20915456,30.8841693,39.512438,94.621891,100.6007468,145.1042296,114.4820901,151.3950256,136.4218912,144.7995679,139.2501499,274.8828322,274.8828322,402.1430367,0.736320305,0.820032385,0.932555123
21.65385582,21.46045284,14.09970156,22.6676618,11.48252244,28.63923894,26.58043296,34.28223897,32.75997031,38.0572365,35.52064196,26.84246282,36.8089554,31.67753747,19.29662696,55.37980126,10.2950697,24.955224,73.95584613,98.52114475,130.7549758,33.8975126,61.9721396,133.9263688,153.1044584,127.9787071,240.0131056,240.0131056,410.4614448,0.313489037,0.828128614,0.656290532
20.73883095,21.40742299,13.49141798,22.26733841,3.123562204,29.49915437,30.48072651,33.6895524,36.2848957,43.20269175,35.05897032,17.62462695,22.05417921,23.55149265,4.236149274,37.39124396,0.286985076,21.5238807,63.1159207,78.24502525,101.900498,16.636816,37.7447763,120.4089558,55.14480623,106.6627866,185.9164188,185.9164188,265.6691555,0.3064347,0.787416146,0.349546044
20.10975134,24.37189564,7.003059735,22.93281106,2.870890561,33.00848275,29.28391556,32.63415438,36.09149271,42.80496787,33.84552255,2.511119415,19.40268666,6.05164182,2.723238819,30.63253746,0,19.4442787,61.9721396,85.52363225,72.5781098,27.034826,30.2582091,116.0417916,124.0711349,63.09512468,133.9263688,133.9263688,183.7848268,0.287893232,0.759426324,0.294422827
22.42330856,23.79896529,5.630522415,23.72825882,7.260930383,35.72028375,29.76534343,32.03626881,33.70203001,45.41694798,34.36958225,0,18.68522397,0.077985075,2.161746279,25.24636828,8.721850788,19.5482588,66.10534858,103.7201498,73.87786105,27.5547265,31.4019902,114.37811,92.34056761,40.17791064,123.2684085,123.2684085,120.3569658,0.295900858,0.862364099,0.279507134
24.32094539,21.45941304,4.164403005,23.61907971,4.475303504,33.78625389,28.99797029,26.61370659,36.82143301,44.80138579,34.12938822,0,18.12373143,0,1.681358217,19.77701502,0,19.1323384,68.65286103,101.900498,73.46194065,19.2363185,28.6985076,118.9532344,141.2881599,32.25462702,110.218906,110.218906,95.92164225,0.292230696,0.946796206,0.267833982
25.51671654,21.70688568,3.89925375,24.38333345,4.390039822,32.69342304,28.99797029,29.28079616,36.53444794,42.79353006,33.74258225,0,15.34746276,0,2.161746279,20.00577124,3.003985089,19.0283583,68.47089585,75.905473,74.91766205,13.2054727,26.2029852,116.0417916,95.6627318,28.51134342,102.6803488,102.6803488,76.4253735,0.286320305,1,0.210116732
23.75945285,21.19946279,3.80567166,25.44912948,1.857084586,31.2959305,27.62023396,28.92726382,37.48274645,46.13285097,33.02200016,0,12.04089558,0,1.846686576,18.00935332,0,19.1323384,71.48631875,45.751244,75.22960235,12.0616916,24.4353235,105.2278612,41.12412955,25.14238818,84.17189095,84.17189095,71.2263685,0.275309819,0.921813555,0.141374838
16.631617,16.09196028,3.7432836,16.25208963,1.772860705,32.37108473,29.58337825,29.31199019,36.52820913,47.01044301,32.77868672,0,12.60238812,0,1.562820903,17.0527364,2.860492551,19.2363185,67.14514958,37.17288575,66.28731375,9.1502488,25.7870648,39.3044778,4.259024896,26.07820908,84.6398014,84.6398014,71.2263685,0.271591992,0.604672681,0.15304799
12.77915429,9.788686614,3.68089554,14.1412936,4.558487584,29.78613945,28.8035275,15.32146773,33.95158225,45.42890569,30.32995537,0,11.94731349,0,4.239268677,17.61422894,0,19.6522389,69.30273665,35.8731345,68.9388063,8.318408,24.3313434,37.39124396,4.462825892,25.72467674,85.3676621,85.3676621,71.746269,0.234175405,0.433263937,0.139429313
8.71353238,5.811447789,3.64970151,13.36144285,1.941308467,26.06469167,11.98474633,10.74634334,26.24041804,34.18241807,30.62629865,0,11.94731349,0,6.815895555,17.3646767,0,19.3402986,67.01517445,33.273632,70.55049785,8.2144279,23.8114429,36.47621908,4.094736338,25.30875634,85.93955265,85.93955265,76.16542325,0.238703527,0.252371039,0.139429313
4.788283605,5.797930376,3.790074645,12.22286076,5.064870671,19.18848765,7.305641826,10.48119408,26.66465684,23.64403494,29.23504492,0,11.82253737,0,5.892552267,17.55184088,0,21.9398011,67.71704013,32.7537315,65.8194033,8.318408,24.7472638,35.353234,4.184159224,25.66228868,85.5756223,85.5756223,93.84204025,0.217445186,0.077723803,0.136835279
4.89746271,8.877820938,3.509328375,14.42723888,1.941308467,17.93032844,5.537980126,10.30442791,28.12453745,22.72745036,28.01223894,0,12.22805976,0,5.577492564,17.82218914,0,21.7318409,65.8194033,32.7537315,69.19875655,8.318408,23.915423,32.19223896,3.968920417,25.84945286,85.41965215,85.41965215,103.9801,0.198760724,0.082581541,0.145265888
5.65651744,4.7830846,3.634104495,13.46542295,2.195019911,15.41504982,7.916005013,10.21084582,37.30805988,24.77689813,27.00779117,0,12.50880603,0,4.891223904,17.17751252,0.143492538,35.6651743,73.5139307,36.9129355,70.44651775,8.318408,24.1233832,32.15064692,4.399398031,40.7601992,109.4390553,109.4390553,96.44154275,0.183412774,0.116354384,0.151102464
4.164403005,6.239845801,5.069029875,13.29385579,6.838771177,18.25578616,8.955806013,12.56599509,44.15203006,22.82623145,26.97971655,0,11.97850752,3.96164181,5.253074652,16.96955232,0.430477614,50.6383087,80.53258745,110.218906,89.422886,7.7985075,25.8910449,49.32815944,11.27040304,128.95612,119.4731349,119.4731349,100.860697,0.182983794,0.049965302,0.140077821
3.14019902,6.551786101,5.67731346,12.56079608,22.12072647,28.18380611,8.149960238,30.13343298,38.94262705,36.19183351,35.2461345,13.28865678,13.63179111,7.595746305,16.02125381,17.86378118,7.579109489,47.9348261,106.2416672,135.9539808,91.65845815,8.2144279,28.5945275,97.49174176,49.93644302,153.93214,187.9440308,187.9440308,237.074628,0.309294566,0.004395096,0.174448768
3.041417925,13.90733838,7.61134332,10.7047513,26.5107663,30.48592552,12.10120404,38.6753982,42.13065692,41.03314696,54.50532862,26.34335834,29.47835835,17.90537322,42.50810468,35.27004992,59.33416446,78.1930352,117.7574633,158.5696525,115.0019906,34.5213932,82.0402989,119.9098513,131.9320305,200.681593,240.6099514,240.6099514,349.6330863,0.603574833,0,0.503891051
15.24348266,17.70365183,9.85731348,10.93870652,33.43584096,29.45236333,19.21136328,40.38587084,44.35791066,38.84436586,61.2463585,41.50365692,44.66985096,40.27149273,46.78168679,44.66985096,41.60555741,68.9388063,116.9516175,151.2910455,116.1457717,59.1646769,163.248757,129.7671648,92.25218452,209.4991055,261.7366281,261.7366281,410.9813453,0.706577693,0.542910016,0.819714656
14.77557221,23.084622,9.60776124,18.46686576,31.15555736,27.00051257,23.48806479,41.98196538,45.48089574,36.79907729,63.68261225,39.46044795,51.96925398,39.38246288,43.44704498,46.04238828,35.88665191,68.5228859,98.23519947,149.2114435,117.2895528,101.2766174,202.2412945,130.4742295,85.27927902,213.3463692,270.8795983,270.8795983,449.194032,0.743803622,0.52209114,0.971465629
18.52925382,22.50025384,8.375597055,19.28310955,26.76447774,27.84379118,25.41169664,39.22649273,40.12176139,39.99386586,80.44940337,42.78261214,43.671642,41.64403005,47.209045,46.20875644,44.75199524,65.6114431,120.8508712,147.651742,120.0970155,127.895523,191.4273641,128.6441797,105.0687716,214.0742299,281.806867,281.806867,441.6554748,1,0.689104788,0.798962387
21.64345781,21.6278608,9.38940303,19.25191552,23.89462698,27.73149267,23.7085026,37.14689073,43.16629871,38.76326138,71.30331377,42.29910468,38.52462705,41.97156737,39.13603004,45.89681614,46.03822908,68.0029854,110.9207717,147.9116923,120.668906,139.4373141,217.4223891,136.6298514,113.9174782,213.3255732,281.0800461,281.0800461,439.3159225,0.860247855,0.827665973,0.691958495
19.71982597,22.65518419,9.155447805,19.43388069,27.01818918,28.95845785,23.30609961,35.75875639,45.50585096,39.72923651,49.95723905,36.6997763,31.06925388,38.13470167,29.39101507,45.5432838,31.88341806,61.8681595,105.6177866,151.0310953,137.8256226,136.1099509,176.9741302,130.4742295,89.4260054,199.1426875,276.0099764,276.0099764,409.681594,0.534080076,0.742077261,0.536964981
20.5880598,23.40903991,9.73253736,19.93818417,29.88803994,29.14874143,25.35866679,36.79855739,50.39083606,39.43913203,66.15317942,47.58649277,40.8641793,31.49037328,43.10703006,46.1671644,43.89311961,71.1223884,114.6640553,146.0920405,144.5843291,139.1253738,137.3577121,123.6531349,93.98865219,182.1731352,269.1327326,269.1327326,405.52239,0.781553861,0.780707842,0.740596628
21.46669164,22.68117921,8.51597019,21.16514936,32.42203498,29.71127377,22.22678618,36.12268674,53.39170175,38.85944297,61.82344806,43.53126887,40.2402987,25.75067177,40.97647781,47.39412958,43.75066688,71.5383088,119.3951498,129.1952742,137.8256226,126.2318414,186.7482596,124.1106474,94.96606513,153.911344,273.4135933,273.4135933,393.5646785,0.715395615,0.819801064,0.727626459
22.23094538,21.88885085,7.70492541,21.27432846,32.16832354,28.76401506,24.05995534,36.63738823,46.41671664,37.54201511,49.09940322,41.98716438,38.64940317,15.89335829,40.99831363,52.13562214,35.88769171,54.2776122,116.5616921,131.2748763,136.9937818,121.1368165,154.0985082,110.3436821,73.11048791,138.7094534,263.5074092,263.5074092,391.2251263,0.520972355,0.853805228,0.694552529
20.9000001,22.2527812,5.55253734,20.62965184,12.32684086,30.19374144,27.0358658,35.17646783,46.11725395,40.09888576,27.99040312,24.75246281,36.15388077,4.9910448,12.35595528,46.1671644,3.861820914,29.7383086,92.3343288,124.5161698,122.5925379,47.5189057,54.5895525,109.137513,48.57846292,123.2996026,229.7814638,229.7814638,354.572141,0.198427073,0.794587092,0.642671855
22.53768668,24.67135833,5.17820898,20.21893045,1.857084586,30.34867179,29.51787079,35.29084594,45.93632858,41.10905244,26.77695535,19.73022398,16.03373142,3.072611955,2.794985088,33.21124394,3.574835838,25.4751245,63.37587095,125.5559708,101.4325876,14.7651742,40.8641793,93.95641836,76.27876156,110.6140304,181.2893043,181.2893043,264.8893048,0.179885605,0.867453158,0.224383917
21.38350757,25.2682041,5.27179107,20.99358219,6.164980129,31.34376134,30.75315438,34.43301011,42.43635841,41.23798776,26.02517923,9.0462687,9.32701497,0.452313435,1.971462696,31.52676632,0.143492538,25.3711444,58.56679133,122.9564683,92.28233875,15.8049752,30.7781096,90.96179148,80.56482128,111.9865677,133.3024882,133.3024882,202.761195,0.168398475,0.816099931,0.084954604
24.39373146,23.94245783,4.6791045,21.23793543,1.857084586,30.44017427,30.72715935,32.72253747,40.30268676,41.43606985,25.83801505,0,6.83149257,0.06238806,1.603373142,27.42995038,0,25.7870648,65.45547295,119.0572145,89.16293575,16.0129354,28.6985076,87.71761236,68.19014958,103.6889557,126.5437817,126.5437817,129.975125,0.165538608,0.950034698,0.03307393
24.28975136,24.15041803,4.413955245,20.71283592,2.026572149,29.57402004,29.1154678,28.79208969,38.39361212,42.92038578,25.46056729,0,5.95805973,0,1.500432843,20.81681602,0,22.3557215,71.56430383,120.0970155,76.78930385,16.2208956,28.5945275,85.263682,63.33531871,72.09980134,115.6258712,115.6258712,111.258707,0.159771211,0.945408281,0.014915694
22.69885583,23.44855235,3.83686569,20.33330856,4.642711465,28.98757228,29.19449268,27.9654479,37.59504496,42.70046787,25.81929863,0,6.42597018,0,1.275835827,18.5084578,0,19.2363185,70.21256253,119.577115,77.3611944,16.5328359,24.1233832,80.064677,66.73234858,29.0104479,101.1726373,101.1726373,88.383085,0.165252622,0.874624104,0.02464332
22.71445284,21.91484588,3.602910465,23.2915424,1.941308467,29.65096532,28.12765685,26.13019913,37.17704495,42.46911214,25.42625385,0,5.95805973,0,1.821731352,19.00756228,0,19.1323384,66.70323415,84.223881,69.09477645,16.2208956,23.3955225,81.97791084,39.16098526,20.15134338,83.2880601,83.2880601,79.024876,0.159246902,0.875318066,0.014915694
17.69741302,19.48483094,3.64970151,17.65062198,4.22159206,28.99173148,26.52948271,25.1683832,34.74391061,40.78255492,25.37634341,0,6.30119406,0,1.219686573,17.96776128,0,19.1323384,75.74950285,36.65298525,70.23855755,16.2208956,24.3313434,50.20159228,6.857487595,19.56905482,88.22711485,88.22711485,76.4253735,0.158484271,0.652093454,0.022049287
13.44982594,16.80630356,3.58731345,14.70278614,1.857084586,28.58620909,23.11061703,13.95932842,27.18871655,38.989938,24.58401504,0,5.24059704,0,5.533820922,17.86378118,0,19.0283583,73.07201528,31.7139305,72.0582093,15.597015,24.955224,52.6139306,6.022527392,19.58985084,85.41965215,85.41965215,72.00621925,0.146377502,0.463104326,0
9.072263725,9.385243826,3.36895524,13.19507469,3.123562204,24.0152439,9.631676663,10.26283587,26.85805983,30.10691805,24.57465683,0,5.70850749,0,6.220089582,18.13412944,0,19.4442787,72.96803518,32.7537315,68.78283615,15.4930349,24.955224,43.2557216,6.236726398,19.73542298,85.62761235,85.62761235,76.4253735,0.146234509,0.268332177,0.009727626
9.10865676,7.501124414,3.40014927,13.34584583,3.798393053,20.36450259,6.525791076,9.9820896,27.38211953,22.93593046,23.37368668,0,6.36358212,0,5.827044804,17.94696526,0,22.6676618,70.55049785,31.7139305,73.5139307,15.597015,24.6432837,38.6805972,6.109870676,19.61064686,85.9915427,85.9915427,93.84204025,0.127883699,0.269951423,0.023346304
9.17104482,9.917621938,4.102014945,14.88475131,1.857084586,19.08866676,5.771935351,9.97169159,30.00865686,21.31852,23.38616429,0,6.05164182,0,5.097104502,18.05094536,0.143492538,21.2119404,73.48793567,31.7139305,71.8502491,15.597015,23.6034827,36.8089554,6.097393064,19.11154238,85.21169195,85.21169195,90.72263725,0.128074357,0.272727273,0.016861219
9.30621895,7.903527401,4.02402987,14.12569659,1.688636824,16.4298956,6.343825901,9.90930353,32.89098523,20.91715682,23.72929862,0,6.27000003,0,5.278029876,18.0925374,0.429437813,46.5830848,80.5845775,32.49378125,79.7527367,15.1810946,22.2517414,39.7203982,6.199293562,27.63791058,112.9223886,112.9223886,86.04353275,0.133317445,0.278741615,0.021400778
9.041069695,8.721850788,5.3029851,12.90393041,4.390039822,18.53133342,9.671189101,12.13967668,36.25994047,22.36507971,23.45479116,0.18716418,5.67731346,1.52850747,5.312343309,17.676617,0.143492538,54.069652,85.28967702,120.8768662,105.4358214,14.9731344,23.3955225,60.9323386,15.95990555,118.2669657,117.7054732,117.7054732,90.9825875,0.129122974,0.266944252,0.009079118
9.39980104,7.474089588,6.004850775,12.56079608,20.68580109,24.00796529,8.696895564,30.49736333,33.70203001,41.21563204,31.07237328,12.94552245,6.64432839,6.036044805,14.90762694,18.69562198,6.435328389,53.8616918,107.8273637,143.2325878,100.6007468,14.8691543,28.074627,129.5592046,43.875443,126.2942295,186.5402994,186.5402994,248.2524888,0.245519542,0.28290539,0.029182879
9.477786115,11.4388508,7.845298545,10.88151747,24.82316927,28.96469666,13.77840305,36.06549769,36.20379122,44.95995544,56.69514953,28.18380611,31.59955239,23.09917922,44.64177633,39.76199024,60.76285104,62.9079605,106.7615677,148.691543,124.0482593,14.7651742,69.7706471,166.9920406,54.37223409,137.5240803,240.6619414,240.6619414,349.6330863,0.637035272,0.286375202,0.547989624
12.6907712,21.90132846,10.54358214,11.72895528,25.49903992,27.9654479,16.1179553,36.58539819,38.6805972,44.70156489,71.90535855,40.66141811,42.1119405,42.08074647,49.074448,54.54796046,56.0463137,63.1159207,114.2221398,141.6728863,122.5405479,44.5034828,184.5646775,177.5980108,79.06854764,142.5567171,271.3703844,271.3703844,412.800997,0.869447092,0.429331483,0.766536965
21.91900508,20.00473144,9.38940303,20.04736328,24.82316927,26.85390063,22.16127871,36.73616933,35.44265689,46.0642241,69.08541824,38.52462705,40.98895542,41.23850766,45.46841813,53.98646792,47.61040819,59.3726371,107.8533587,146.8718913,120.5129359,130.1830852,201.0975134,179.0537322,128.7377618,143.3469659,261.0274838,261.0274838,427.6181613,0.826358437,0.839925977,0.743190661
20.66084587,19.57529363,8.48477616,19.4390797,22.79659712,26.74784092,23.47454738,37.58880615,41.2821793,42.36565194,77.10228395,35.5611942,41.45686587,42.18992558,49.90420919,53.67452762,42.74933851,54.9014928,114.7160453,146.8718913,129.1432842,141.8288564,180.0935332,186.3323392,100.5820303,155.928558,263.6737774,263.6737774,410.2014945,0.948856053,0.783946334,0.752918288
20.53606975,17.45617919,8.812313475,20.01616925,28.36993048,28.12245785,23.084622,41.30609473,50.17247785,39.12147282,72.79438841,36.73097033,36.84014943,40.08432855,46.64131366,56.71074654,48.61173655,56.0452739,109.7250005,144.2723888,129.975125,142.5567171,199.641792,177.5980108,137.9919907,150.5631848,276.3343944,276.3343944,418.5199025,0.883031459,0.778394633,0.65693904
20.62965184,18.97740805,8.54716422,19.19992547,30.48072651,28.76297526,25.09871654,39.39805989,51.46391069,40.49141064,53.63501518,29.58753745,32.59776135,38.07231362,30.33307477,53.7577117,30.59718423,61.6601993,103.2522393,142.7126873,119.7850752,117.1855727,164.288558,174.8945282,105.8174284,120.9704483,275.3632202,275.3632202,424.4987583,0.590276454,0.782558409,0.568741894
19.93818418,20.41961204,9.124253775,20.9051991,29.55114442,28.61740312,25.82761704,39.87116935,55.28205997,40.0333783,64.59035852,37.30805988,38.74298526,35.23365688,34.95291062,50.18079626,46.03822908,65.2995028,106.7875627,111.5186573,122.3325877,122.4885578,128.935324,165.1203988,116.6427966,126.1486573,261.230245,261.230245,422.4191563,0.757673975,0.751792737,0.696498054
21.84621901,20.36762199,8.60955228,20.41129363,32.84315439,28.01119914,24.46235833,44.9194032,50.84003009,38.18773153,70.36437347,36.23186584,42.92298528,37.60440317,40.49920915,67.1711446,47.61040819,70.706468,106.7095776,97.741294,128.935324,113.9621896,179.5736327,159.2975132,123.8319807,108.8255727,266.2836779,266.2836779,401.6231363,0.845900858,0.836687486,0.783398184
22.46490061,19.05539313,10.1848508,21.66425384,29.38165686,27.68262202,24.68279614,43.23492558,50.22862711,38.7824977,57.77134356,39.85037333,42.01835841,37.93194048,40.57407482,44.711443,38.60365193,68.0029854,99.0930353,100.3407965,135.12214,101.7965179,142.0368166,171.9830854,101.1383239,98.51074674,254.0504191,254.0504191,409.9415443,0.653479504,0.864214666,0.76459144
22.39211454,19.40684586,10.24723886,20.79602,16.37894535,29.60105487,25.59366181,40.86937831,46.08605992,39.81242059,29.30367178,27.88746282,31.91149269,38.55582108,14.18392544,46.74945296,5.004562213,43.4636818,99.04104525,97.2213935,125.3480106,85.3676621,54.7975127,178.4298516,79.37112973,90.85781138,222.9624488,222.9624488,398.243783,0.218493804,0.860976174,0.554474708
21.2119404,23.59100509,9.48298512,20.83761204,1.772860705,30.04193049,29.02500511,37.99952755,49.00582113,42.69214946,27.45698521,23.03679116,11.88492543,37.91634347,4.841313456,33.52318424,0.429437813,37.7447763,70.96641825,98.781095,114.6900503,14.2452737,40.3442788,165.5363192,127.064722,84.34865712,177.1820904,177.1820904,274.7674143,0.190276454,0.808466343,0.138132296
21.60186577,24.34590061,9.85731348,21.65905483,3.461497529,32.35236831,30.31123895,37.66159222,39.26080616,49.15139327,26.73016431,2.573507475,9.60776124,28.94805984,2.511119415,31.04845786,0,26.0990051,67.0671645,93.32213975,111.6746274,12.3736319,33.8975126,166.9920406,94.95150792,79.77353272,136.3699012,136.3699012,200.9415433,0.179170639,0.825815406,0.09079118
22.45450259,22.2527812,7.564552275,20.22412945,3.799432854,32.63103498,31.35103995,37.26646784,37.79468675,45.95140569,26.53988072,0,7.70492541,3.80567166,1.107388065,28.1786071,0,24.955224,68.54888092,90.462687,112.0385578,12.477612,29.2184081,173.4388068,82.88357751,80.62616954,128.2074633,128.2074633,115.9378115,0.176263108,0.863752024,0.051232166
22.76644289,23.25306976,6.098432865,20.29691552,4.306855742,33.39528872,30.23325388,31.73472652,32.44803001,45.56719922,26.91732849,0,7.51776123,0.015597015,1.728149262,20.94159214,0,24.7472638,74.52773668,95.92164225,107.3594533,12.2696518,23.0835822,155.7621898,123.5023638,106.6211945,116.8216423,116.8216423,100.3407965,0.182030505,0.877631275,0.047341115
24.29495037,22.16127871,4.77268659,23.34353245,6.33238809,31.01518423,29.45340313,29.85788572,31.49973149,47.54646043,26.44629863,0,7.7985075,0,1.188492543,20.75442796,0,19.9641792,72.73407995,70.1865675,112.9223886,12.3736319,20.6920399,138.5014932,50.46778134,133.8847768,104.4480105,104.4480105,81.104478,0.174833174,0.945639602,0.053177691
23.13557225,21.77135334,4.351567185,24.65888072,1.772860705,31.17011458,27.32181108,33.41400514,34.13250763,49.64477884,27.00779117,0,9.73253736,0,1.859164188,18.73721402,0,18.716418,69.19875655,46.53109475,107.2034831,12.2696518,20.9000001,155.5542296,5.540059728,21.02477622,85.73159245,85.73159245,74.865672,0.183412774,0.894055054,0.093385214
16.28848267,17.66413939,4.195597035,15.25388067,3.123562204,32.52601508,26.78943296,30.73131855,33.59597031,46.11101515,26.80502998,0,12.75835827,0,1.525388067,18.79960208,0,18.8203981,67.19713963,39.512438,100.3407965,12.2696518,20.9000001,77.3611944,4.209114448,20.71283592,86.6154233,86.6154233,72.2661695,0.180314585,0.589405505,0.156290532
13.47062196,11.15290553,4.02402987,14.19848266,3.039338323,31.30840811,27.72525386,15.20708963,26.32152251,45.37847534,26.57107475,0,11.82253737,0,9.227194074,18.0925374,0,18.716418,64.467662,34.313433,103.3562194,11.8537314,21.5238807,66.547264,4.031308477,20.25532348,87.9671646,87.9671646,72.52611975,0.176739752,0.464029609,0.136835279
12.74796026,6.980184113,4.413955245,12.42042295,1.772860705,24.65472151,12.1656717,11.1206717,26.42758222,31.22002502,26.22482102,0,11.63537319,0,5.122059726,18.48766178,0,18.8203981,63.89577145,33.01368175,95.81766215,11.3338309,21.7318409,65.507463,4.056263701,20.4840797,86.04353275,86.04353275,76.68532375,0.171448999,0.431876012,0.132944228
12.50360703,6.747268689,4.27358211,11.50019906,4.475303504,23.79896529,7.007218939,11.24024881,29.02916432,27.74345038,26.06885087,0,12.66477618,0,5.630522415,18.21731352,0,21.9398011,64.80559733,33.01368175,95.08980145,11.437811,22.3557215,54.4855724,4.005313452,20.29691552,85.6796024,85.6796024,93.0621895,0.169065777,0.421003932,0.154345006
11.91611946,9.891626913,4.24238808,14.01131848,2.447691554,17.97088068,6.135865701,11.1206717,34.76886584,22.08745284,25.19229863,0,12.19686573,0,5.711626893,18.17572148,0,21.6278608,64.72761225,32.49378125,90.462687,11.5417911,21.3159205,46.791045,4.334930369,20.0681593,85.83557255,85.83557255,96.1815925,0.155672069,0.394864677,0.14461738
12.01490055,7.682049788,4.55432838,15.47743788,4.137368179,18.4044777,6.786781127,11.09467667,40.40874646,21.38974637,24.07555235,0,12.75835827,0,4.860029874,17.44786078,0.857835825,29.0104479,64.28569683,34.05348275,79.1288561,11.5417911,22.5636817,43.0477614,3.93044778,24.37293544,112.4544782,112.4544782,85.7835825,0.138608198,0.399259773,0.156290532
12.87793538,8.956845814,5.49014928,12.85194036,4.22159206,19.74894039,8.553403026,13.22626872,38.13158227,21.07208717,24.3344628,0.06238806,12.07208961,3.790074645,5.889432864,18.25890556,1.001328363,54.2776122,65.6114431,77.985075,86.0955228,11.2298508,22.875622,46.5830848,12.52544285,120.2217916,117.1335827,117.1335827,92.28233875,0.142564347,0.437659033,0.142023346
9.966492585,7.526079638,6.42597018,12.90393041,17.9833583,29.51891059,8.852865714,31.57875637,35.87937331,45.41746788,32.14544792,19.80820905,12.7895523,7.689328395,17.02570157,18.17572148,10.72450751,48.2467664,113.9881846,121.656717,91.2945278,11.3338309,28.9064678,122.4885578,44.85181614,104.4376124,182.0171651,182.0171651,220.9577125,0.261916111,0.308119362,0.15693904
9.97169159,9.319736363,8.313208995,10.66315925,25.83593545,29.25688074,13.12956723,41.22291064,41.08253751,45.17727385,60.87826895,30.53895537,35.31164196,20.790821,40.63022408,42.75661712,59.19171173,63.5318411,104.006095,138.8134335,107.2554732,11.3338309,72.6820899,150.9791052,109.5191199,121.0120404,232.0835832,232.0835832,335.3358225,0.700953289,0.308350682,0.625162127
17.99895531,21.17346776,9.51417915,14.2452737,23.89462698,27.85522899,18.08005979,39.71000019,42.08074647,46.44479127,68.67677645,42.57985095,41.39447781,39.11731362,44.74159723,49.57771168,59.04925899,71.5383088,112.8703985,145.3121898,102.6283587,51.5741296,170.4233839,158.4656724,101.4554632,130.8277618,251.5133047,251.5133047,414.1007483,0.820114395,0.665510062,0.751621271
22.58447772,20.65356726,8.7343284,20.63485085,23.13453245,27.12840809,21.68089065,41.3788808,38.71803004,45.15699773,56.61716445,43.34410469,46.66626888,39.42925392,47.76429874,48.93303506,48.32579128,69.0427864,107.5154234,138.5534833,100.7047268,104.1880602,194.442787,164.0805978,86.02793574,141.0178116,252.8785634,252.8785634,443.7350767,0.635843661,0.869535045,0.861219196
22.51689066,17.71612944,8.843507505,19.75101999,24.73790559,29.39517427,22.92865185,39.04972656,46.90958231,42.47015194,70.2863884,32.23903001,36.12268674,39.78798526,47.91714948,49.51532362,51.90062711,58.1248759,115.1579608,126.5957718,107.5154234,126.6477618,158.8815928,162.6248764,66.51710977,139.1253738,252.7849813,252.7849813,434.3768678,0.844709247,0.866527874,0.642023346
22.5584827,18.87342795,8.57835825,20.66084587,28.03199516,29.28807477,22.86314439,35.98751261,48.63773158,41.43191065,53.42913458,36.02910465,38.61820914,39.63201511,45.8521047,50.97104502,39.03308974,59.1646769,107.6973886,116.457712,97.68930395,127.7915429,146.9238813,162.8328366,92.44350791,127.6459708,253.6740112,253.6740112,429.1778628,0.587130601,0.868378441,0.693904021
21.04037324,20.10767174,10.6059702,20.34890557,29.2132091,30.39962204,25.19021903,24.24815932,45.60567186,41.6944604,35.02153748,31.73992552,20.77522398,39.21089571,45.80219425,48.7666669,21.30448269,48.4547266,105.5657965,94.1019905,102.1084582,111.8825876,91.6064681,141.6208962,64.2607416,130.3910454,224.8080956,224.8080956,405.0024895,0.305862726,0.800832755,0.322957198
21.15475134,18.44502994,12.57119409,20.14094537,19.58777124,29.90051756,25.20269664,22.22574638,42.2180002,41.0731793,25.04568669,34.18865688,11.38582095,36.13828376,26.03141803,47.66447784,0.143492538,38.1606967,106.3976373,92.28233875,109.8549757,116.6656722,56.2532341,157.4258714,135.5838116,128.0618912,192.3756626,192.3756626,398.7636835,0.15343184,0.805921814,0.127756161
21.88781105,20.45912448,12.91432842,20.05256229,14.77661201,30.79058721,25.46264689,21.22233841,38.34994048,43.76782359,28.00288073,37.16768675,11.01149259,35.90432853,5.012880621,48.64189078,0,36.2890549,109.5950254,92.0223885,113.8062195,119.6810951,35.0412937,153.0587072,92.0244681,116.1041797,161.7836774,161.7836774,390.965176,0.198617731,0.838538052,0.11997406
22.3557215,21.15995035,11.94731349,21.06116926,3.629945291,29.07595536,26.16555236,20.52047274,35.09952256,41.81299771,27.44138819,33.97029867,10.51238811,37.55761212,5.658597042,48.22597038,0,34.313433,97.50733878,67.0671645,117.1855727,118.3293538,36.6009952,153.4746276,38.31042804,103.7721398,137.7642743,137.7642743,354.8320913,0.190038132,0.859356928,0.109597925
24.48731355,21.09652249,8.968283625,21.00917921,2.196059712,31.8127116,27.64622899,19.87059711,29.49083596,44.58250768,26.11876132,28.26179118,12.60238812,26.31216431,4.463865693,45.91761216,0,27.8666668,84.4318412,57.96890575,98.93706515,78.7129357,35.9771146,133.7184086,120.4089558,88.36228898,122.0081697,122.0081697,298.9427875,0.169828408,0.954198473,0.15304799
23.20315932,20.98006478,6.878283615,21.18594538,4.558487584,32.56344792,31.9239703,15.7997762,25.32331355,45.72004997,23.6014031,26.06261206,13.97492544,11.76014931,2.704522401,30.2582091,0,23.8114429,67.24912967,46.791045,97.58532385,71.0184083,33.5855723,81.104478,78.96560734,84.26547304,112.4024881,112.4024881,234.995026,0.131363203,0.897062225,0.181582361
22.63646777,22.83714936,5.80208958,21.09756229,1.604412943,33.94430365,35.12031858,15.77898018,25.14862699,50.67054253,23.35185086,1.62208956,14.59880604,0.21835821,1.603373142,25.12159216,0,24.1233832,57.11106992,29.114428,93.84204025,69.3547267,27.4507464,73.825871,20.56310458,80.2726372,106.6835826,106.6835826,185.084578,0.127550048,0.871848254,0.194552529
22.74044787,22.3567613,4.61671644,21.12875632,7.00825874,33.57829369,34.9383534,15.3890548,24.28767176,49.8043883,22.88705981,0,11.79134334,0.109179105,1.725029859,23.87383096,0,24.1233832,60.54241323,28.5945275,78.55696555,69.4587068,24.1233832,62.1800998,4.005313452,74.82407996,86.97935365,86.97935365,114.37811,0.120448046,0.87647467,0.13618677
22.92761205,20.03072646,4.070820915,24.1181842,1.772860705,33.34225887,35.1463136,12.10328364,27.00155237,46.59504251,21.63305981,0,11.41701498,0,1.063716423,19.00756228,0,21.2119404,70.34253765,28.5945275,78.0890551,43.671642,22.2517414,58.228856,4.10721395,21.64865682,74.60572175,74.60572175,99.04104525,0.10128694,0.884802221,0.128404669
22.64686578,19.62624388,4.164403005,21.37310956,2.195019911,31.99675637,36.43358724,11.13106971,27.60047774,46.6855052,21.39598518,0,11.35462692,0,1.728149262,19.11154238,0,17.8845772,68.75684113,29.114428,78.24502525,13.3094528,21.6278608,44.5034828,3.942925392,20.65044786,77.82910485,77.82910485,78.24502525,0.097664442,0.872310895,0.127107652
23.54629365,20.87504488,3.946044795,21.54467672,4.812199028,32.05706483,34.79486086,10.67355727,25.69764191,49.37079128,21.49580607,0,11.01149259,0,1.77805971,19.31950258,0,18.1965175,59.34664208,29.37437825,78.2970153,13.3094528,21.6278608,39.3044778,3.86805972,19.2363185,80.84452775,80.84452775,72.00621925,0.099189704,0.912329401,0.11997406
24.21696529,22.13632349,3.80567166,21.57587075,1.688636824,31.99051757,35.23677629,10.93870652,23.8072837,47.29066938,21.18074637,0,11.51059707,0,1.288313439,19.50666676,0,18.3004976,50.04042313,29.114428,78.0890551,13.517413,22.2517414,38.472637,4.247587085,16.9487563,74.865672,74.865672,72.52611975,0.094375596,0.942169789,0.130350195
24.26895534,21.69336826,3.7432836,20.92079612,4.305815941,30.18646283,34.50891559,10.62156721,27.16376132,47.76481864,21.54883592,0,10.94910453,0,1.721910456,19.38189064,0,18.1965175,47.64888083,29.37437825,77.72512475,13.7253732,21.835821,38.6805972,3.891975143,17.51024884,77.4651745,77.4651745,71.2263685,0.1,0.944482998,0.118677043
24.29495037,21.38142796,4.46074629,22.75604488,1.857084586,31.6057912,33.13117926,10.58517418,25.60405982,44.93188081,21.417821,0,10.38761199,0,1.709432844,18.86199014,0,18.3004976,45.59527385,29.89427875,78.03706505,13.9333334,21.3159205,37.2248758,3.943965193,17.44786078,76.78930385,76.78930385,72.00621925,0.097998093,0.945639602,0.107003891
15.11350754,19.87371651,4.11761196,16.39766177,2.279243792,30.58158721,32.84627379,10.7099503,27.656627,34.44496783,21.29304488,0,11.26104483,0,1.194731349,18.90358218,0,18.1965175,44.6074629,29.6343285,78.0890551,13.8293533,22.0437812,39.3044778,3.981398029,17.42706476,77.5691546,77.5691546,76.945274,0.096091516,0.537126995,0.125162127
11.58858215,23.26658718,4.257985095,12.11888066,4.22159206,33.80601011,32.76724891,10.68395528,33.78313449,26.01790062,20.09207472,0,11.16746274,0,1.790537322,18.73721402,0,18.0925374,43.85360718,29.89427875,78.0890551,14.1412936,21.1079603,37.2248758,4.04482589,17.38547272,75.1776123,75.1776123,101.6405478,0.077740705,0.380291464,0.123216602
13.76696524,16.35191053,4.257985095,11.17786075,1.857084586,24.91883096,32.74125389,10.68395528,36.05405987,21.33775632,19.04395532,0,11.51059707,0,1.721910456,18.27970158,0,18.5084578,45.04937833,30.41417925,77.5691546,13.7253732,21.1079603,38.8885574,3.777597033,17.11512446,75.43756255,75.43756255,101.3805975,0.061725453,0.477214897,0.130350195
11.89532344,11.49084085,4.0552239,11.68736324,4.390039822,23.2915424,20.09519413,10.85552244,39.19217929,23.36744787,19.21240308,0,11.01149259,0,1.784298516,19.06995034,0,17.676617,57.11106992,29.89427875,78.1930352,13.6213931,21.7318409,37.2248758,4.905781118,17.90537322,75.905473,75.905473,86.56343325,0.064299333,0.393939394,0.11997406
11.82253737,7.708044813,4.008432855,11.13106971,1.772860705,30.51088074,8.657383126,10.8139304,33.03447777,39.26132606,19.08450755,2.83865673,10.79313438,0,2.470567176,18.5084578,0,17.0527364,81.6243785,29.6343285,77.72512475,13.3094528,22.4597016,41.3840798,33.63236334,57.35542316,75.22960235,75.22960235,90.72263725,0.062345091,0.390700902,0.115434501
21.46669164,14.2463135,4.039626885,10.28883089,3.293049767,28.6974678,9.814681639,10.86592045,32.94713449,45.45334101,22.25694041,24.50291057,10.66835826,0.40552239,4.735253754,23.74905484,0,17.4686568,75.56753768,29.114428,91.65845815,12.7895523,23.3955225,48.4547266,113.7282344,87.46806012,74.39776155,74.39776155,104.2400503,0.110819828,0.819801064,0.112840467
18.87238815,19.84876129,4.33597017,16.55883093,3.207786085,29.13418422,18.79440307,10.35121896,31.93644791,42.32717931,21.13395533,18.66962696,10.38761199,0.109179105,5.040955248,43.60925394,0,17.1567165,89.86480143,29.114428,82.3522392,23.4995026,22.2517414,53.4457714,81.08472178,97.40855768,71.40209487,71.40209487,103.2002493,0.093660629,0.704371964,0.107003891
22.63646777,21.65489563,3.914850765,23.72825882,3.546761211,26.42238321,30.06376631,10.27323388,34.17617927,43.03840319,21.34607473,27.09201505,11.07388065,0.015597015,6.182656746,42.69422906,0,17.2606966,90.64465218,29.114428,89.3189059,114.1701498,27.4507464,61.348259,113.9559508,74.72009986,72.791269,72.791269,103.7201498,0.096901811,0.871848254,0.121271077
23.37472648,19.18536825,3.7432836,20.72323393,13.84702992,29.34942303,29.14146283,10.10166672,34.98722405,42.43531861,22.19767175,20.15134338,10.63716423,0.03119403,6.379179135,41.52965194,2.718039814,17.1567165,91.6064681,29.89427875,85.73159245,126.855722,26.4109454,83.18408,88.61392082,101.7965179,70.10962223,70.10962223,118.7972643,0.109914204,0.904695813,0.112191958
23.23955235,17.66517919,3.634104495,22.0437812,8.949567207,28.67355238,30.3642688,10.32002493,32.36068672,42.79768926,21.71104488,10.10686572,11.72895528,0.483507465,4.810119426,40.28189074,0,17.3646767,91.86641835,29.114428,96.5975129,176.3502496,27.3467663,77.1532342,89.75458252,101.4221895,72.32647796,72.32647796,117.2375628,0.102478551,0.898681471,0.134889754
22.17895533,19.47131353,3.83686569,20.68164189,9.204318452,31.90005488,30.12927378,10.33562194,30.58886582,40.58759223,20.97174637,4.86626868,10.82432841,0.639477615,4.822597038,26.01582102,0,17.2606966,53.47176643,29.6343285,80.42860735,183.9407969,29.5303484,71.9542292,55.48794056,41.86238826,70.61184611,70.61184611,116.7176623,0.091182078,0.851492019,0.116083009
21.97619413,20.25012448,3.540522405,20.18773642,10.63924383,31.30840811,30.40170164,13.01830852,34.0014927,41.72461463,20.91559711,3.478134345,11.04268662,0.577089555,4.426432857,25.53751256,0,16.1169155,43.5676619,29.37437825,83.9119407,179.7815929,26.4109454,47.2069654,100.0746074,20.13054736,69.89126402,69.89126402,108.139304,0.090324118,0.842470507,0.120622568
21.11315931,23.57852748,3.52492539,20.20333343,10.04759706,32.59360215,30.50568174,10.62676622,35.19310465,39.29407979,21.1090001,0.670671645,10.82432841,0.37432836,4.30477614,23.64507474,0,12.5815921,45.15335842,29.114428,85.9915427,151.6029858,26.9308459,42.0079604,85.22936857,24.41452748,70.24791576,70.24791576,96.701493,0.093279314,0.804071247,0.116083009
20.68164189,22.96816429,3.540522405,20.92599513,11.06036324,31.36039816,30.3642688,10.52278612,35.31788077,40.15243552,19.84876129,0,11.01149259,0.24955224,3.949164198,21.9398011,0,12.477612,11.07388065,29.114428,80.63656755,146.1960206,26.2029852,47.830846,68.66013963,24.37293544,71.20765208,71.20765208,96.96144325,0.074022879,0.784871617,0.11997406
21.6226618,22.03130359,3.61850748,21.22233841,4.390039822,30.8810499,32.18288075,10.33042294,29.37853745,39.96007233,19.61168666,0,11.8537314,0.015597015,4.036507482,21.27432846,0.429437813,12.9975125,9.93009955,25.21517425,78.97288595,38.2646768,22.4597016,53.2378112,4.108253751,24.62248768,75.57897549,75.57897549,93.32213975,0.070400381,0.826740689,0.137483787
22.22054737,22.33076628,3.77447763,21.4199006,6.077636845,32.82755737,36.8099952,10.56957716,32.19847777,41.94973154,19.80508965,0,11.69776125,0.233955225,3.537403002,19.48587074,2.2875622,12.7895523,10.1900498,11.9577115,76.78930385,12.6855722,21.835821,52.1980102,3.87845773,21.7318409,73.56592075,73.56592075,86.56343325,0.073355577,0.853342586,0.134241245
21.56547274,22.55224389,4.11761196,21.12355732,5.065910472,33.00328374,34.76990564,10.74114433,28.60492551,46.12453256,21.40534339,0,12.88313439,0,1.06059702,18.8203981,0,12.5815921,10.21604482,11.17786075,66.59925405,10.7099503,22.875622,51.1582092,4.210154249,18.1965175,79.28482625,79.28482625,83.44403025,0.097807436,0.82419616,0.158884565
20.52567174,21.68089065,3.7432836,21.44069662,4.22159206,31.94164692,34.7303932,11.16746274,27.58800013,45.4393037,20.31667174,0,12.44641797,0,1.678238814,19.36109462,0.285945275,12.9975125,10.39801,10.65796025,77.4651745,11.3338309,21.6278608,54.2776122,3.890935342,18.3004976,72.94204015,72.94204015,83.7039805,0.081172545,0.777931992,0.149805447
21.58626876,21.19946279,3.665298525,20.88440309,5.827044804,35.51856236,33.92454743,11.08427866,27.50689565,46.44479127,19.86747771,0,10.9179105,0,1.668880605,18.98676626,0,12.8935324,10.42400503,10.65796025,74.2417914,9.4621891,21.3159205,53.029851,4.171681612,20.15134338,72.6820899,72.6820899,82.40422925,0.074308866,0.825121443,0.118028534
22.57927872,22.57823891,3.914850765,20.57766179,1.688636824,31.86678125,35.41978126,10.85552244,27.29477625,45.76008231,19.98601502,0,10.94910453,0,1.924671651,19.17393044,0,12.477612,10.26803488,10.65796025,76.2174133,8.7343284,21.1079603,36.8089554,3.865980118,17.4686568,74.0338312,74.0338312,74.3457715,0.076120114,0.869303724,0.118677043
23.22395534,22.0437812,3.821268675,21.75783593,5.064870671,30.7770698,34.32695041,10.86072145,26.70208968,44.06572658,19.68343293,0,11.16746274,0,1.229044782,18.8203981,0,13.2054727,10.47599507,11.9577115,71.48631875,8.6303483,21.835821,33.8975126,3.841024894,18.6124379,72.52611975,72.52611975,73.825871,0.071496663,0.897987509,0.123216602
22.29333344,21.35543294,3.86805972,23.16156728,2.279243792,31.41758721,35.71820415,10.79833339,27.08889565,46.43803256,19.79261204,0,11.60417916,0,1.728149262,18.9243782,0,12.7895523,10.89191548,10.9179105,63.2199008,8.7343284,21.1079603,36.393035,4.298537334,19.3402986,73.35796055,73.35796055,72.2661695,0.073164919,0.856581078,0.13229572
22.20495036,21.13499513,4.18000002,19.14273641,1.688636824,31.88341806,33.41816434,10.67875627,26.97035834,47.46691565,19.58361203,0,11.13626871,0,1.768701501,19.0283583,0,12.6855722,11.41181598,10.9179105,62.38806,8.8383085,21.4199006,33.0656718,3.955403004,18.00935332,75.64552275,75.64552275,73.04602025,0.069971401,0.852648624,0.122568093
21.48228866,21.1090001,4.039626885,23.41111952,4.305815941,30.07312452,32.97520911,10.69955229,26.70208968,45.57499773,19.05955233,0,11.38582095,0,1.790537322,19.56905482,0,12.7895523,11.30783588,10.65796025,62.23208985,8.9422886,21.835821,32.8577116,3.916930367,17.80139312,76.7373138,76.7373138,72.52611975,0.061963775,0.820495027,0.127756161
15.55022396,20.7970598,4.3671642,16.36646774,1.857084586,31.69937329,33.04071658,10.52798512,28.91686581,34.96902753,19.10946278,0,10.57477617,0,1.444283589,18.88278616,0,12.7895523,11.87972643,10.9179105,62.5960202,9.1502488,21.2119404,34.313433,4.04482589,18.0925374,74.3457715,74.3457715,72.52611975,0.062726406,0.556557946,0.110894942
14.01651748,22.36923891,4.070820915,14.50522395,4.052104497,30.03673149,33.75609966,10.73594533,30.22701507,28.85707725,18.44502994,0,11.07388065,0,2.364507474,18.69562198,0,12.5815921,11.67176622,10.9179105,62.4920401,8.9422886,21.2119404,35.1452738,4.170641811,17.28149262,76.6333337,76.6333337,86.303483,0.05257388,0.488318297,0.121271077
12.86233837,16.845816,4.14880599,13.78776126,2.280283593,26.22586082,33.21020414,10.76194035,31.21898522,22.0411817,17.92408964,0,11.57298513,0,2.408179116,18.21731352,0,12.7895523,12.13967668,10.65796025,62.2840799,8.8383085,21.9398011,33.8975126,3.942925392,17.32308466,77.10124415,77.10124415,90.72263725,0.044613918,0.436965071,0.131647211
12.72196523,11.17890055,4.008432855,13.51221399,1.942348268,20.75962697,20.70555731,10.73594533,31.70561209,20.99358219,18.36704486,0,11.13626871,0,2.364507474,18.73721402,0,12.6855722,12.45161697,10.65796025,62.7000003,8.8383085,21.2119404,32.4417912,3.827507481,17.92616924,77.0492541,77.0492541,73.56592075,0.051382269,0.430719408,0.122568093
12.73236325,7.475129389,4.21119405,12.19166673,4.305815941,29.34422402,10.00912443,10.59037319,23.13349265,26.5185648,17.31268665,0,11.47940304,0.015597015,3.241059717,18.4044777,0,12.5815921,11.77574632,10.9179105,62.54403015,9.8781095,21.7318409,32.6497514,4.208074647,17.82218914,75.6975128,75.6975128,74.3457715,0.035271687,0.43118205,0.129701686
18.48766178,6.096353263,4.08641793,10.89711448,1.604412943,28.4884678,11.61977618,10.6007712,24.00068668,47.55893804,17.10992546,0,9.85731348,0.06238806,4.666626888,18.25890556,0,12.7895523,11.98370653,10.9179105,62.33606995,39.6164181,22.3557215,33.273632,3.929407979,17.48945282,76.68532375,76.68532375,72.2661695,0.032173499,0.687254222,0.095979248
16.3248757,10.00912443,3.758880615,13.50181598,4.727975147,27.82403496,18.67898516,10.24203985,31.55588075,44.98803007,18.88174636,0,10.35641796,0.24955224,4.763328381,18.46686576,0,12.5815921,11.80174135,11.9577115,74.5537317,81.4164183,20.79602,36.393035,3.803592058,17.80139312,74.27090583,74.27090583,73.825871,0.059246902,0.591024751,0.106355383
19.44947771,19.4453185,3.602910465,19.92778616,1.688636824,27.93633347,24.4363633,10.22644284,29.26623895,44.93136091,17.21286575,0,10.9179105,0.327537315,4.722776142,18.1965175,0,12.3736319,11.82773637,10.65796025,93.11417955,146.0920405,20.4840797,35.7691544,3.867019919,17.4686568,72.59162721,72.59162721,73.56592075,0.033746425,0.730048577,0.118028534
21.4199006,21.39494538,3.852462705,19.55345781,2.617179117,27.07745784,27.43930859,10.11206473,27.238627,43.02124647,17.07561202,0,10.51238811,0.43671642,4.766447784,18.27970158,0,12.7895523,11.77574632,10.9179105,101.3805975,147.2358216,20.3800996,36.1850748,4.196636836,17.01114436,71.31579139,71.31579139,74.3457715,0.03164919,0.817719176,0.109597925
20.93639313,18.70394039,3.696492555,20.80121901,3.967880616,28.73074143,29.19345288,10.23684085,27.32597028,42.04643304,17.61214934,0,10.94910453,0.421119405,4.195597035,19.21552248,3.002945288,12.7895523,11.80174135,10.65796025,92.80223925,171.0472645,21.835821,34.1054728,3.827507481,17.2606966,70.93626402,70.93626402,73.04602025,0.039847474,0.796206338,0.118677043
21.38350757,20.00369164,3.46253733,20.57766179,1.772860705,31.31880612,29.71335338,10.41880602,28.36161208,43.08103503,17.30332844,2.199179115,10.73074632,0.577089555,4.729014948,19.29870656,0,12.477612,11.2298508,10.9179105,96.44154275,177.2860705,21.7318409,35.7691544,3.803592058,16.96955232,73.96104513,73.96104513,73.825871,0.035128694,0.816099931,0.114137484
21.63825881,19.70526875,3.7432836,19.6470399,5.488069678,31.37807478,29.92131358,12.8883334,28.77337327,41.72669423,16.92588068,1.46611941,10.79313438,0.53029851,4.626074649,19.4442787,1.287273638,12.8935324,11.51579607,10.9179105,85.00373175,186.3323392,22.2517414,32.6497514,3.99283584,17.23990058,71.38649785,71.38649785,82.144279,0.029361296,0.827434652,0.115434501
21.54987573,24.15041803,3.58731345,21.32631851,3.040378124,31.28137328,30.85713448,10.51238811,32.37940314,40.4461793,17.20974635,0.670671645,10.41880602,3.946044795,3.765119421,20.33850756,2.001616925,12.7895523,11.59378115,10.39801,92.3343288,183.6288566,24.955224,34.7293534,4.119691562,16.82398018,72.59474662,72.59474662,83.96393075,0.033698761,0.823502198,0.107652399
21.69024886,22.99415931,4.133208975,20.38529861,4.812199028,32.96793051,31.98843796,10.31482592,31.78671657,37.52953749,18.08629859,1.325746275,10.04447766,3.64970151,4.045865691,20.5880598,2.860492551,12.6855722,11.25584583,10.9179105,81.104478,139.7492544,22.3557215,34.5213932,3.765119421,16.8447762,72.68936851,72.68936851,83.7039805,0.047092469,0.82974786,0.099870298
22.31412946,24.94378619,3.55611942,22.27773643,3.883656735,31.56627876,32.14440811,10.27843288,29.82149268,42.34433602,18.51677621,0,10.9179105,1.824850755,4.404597036,19.31950258,0.285945275,13.1014926,12.3736319,10.65796025,101.7965179,68.2109456,25.6830847,34.9373136,4.031308477,18.32129362,73.49937349,73.49937349,82.40422925,0.053670162,0.857506361,0.118028534
22.86002499,26.204025,4.070820915,22.96400509,3.54572141,34.16890066,34.78238325,10.74114433,30.18334343,46.8986644,16.78862695,0,11.13626871,2.105597025,3.733925391,19.58985084,3.288890563,13.2054727,11.87972643,10.9179105,92.2303487,15.8049752,26.4109454,37.6407962,4.133208975,17.34388068,76.16542325,76.16542325,82.92412975,0.027264061,0.88179505,0.122568093
22.12176628,26.3080051,4.382761215,21.66945284,6.584019932,33.61052752,35.01633848,10.85552244,28.13701506,44.67920917,16.95707471,0,11.60417916,0.06238806,0.988850751,19.2363185,0.143492538,12.7895523,13.36144285,10.65796025,90.51467705,12.477612,23.8114429,35.353234,4.043786089,17.0527364,76.78930385,76.78930385,82.40422925,0.029837941,0.84894749,0.13229572
22.29853245,26.5159653,4.382761215,23.58788569,4.136328378,33.4847116,35.7701942,11.00109458,25.57286579,45.95088579,17.18791053,0,10.94910453,0.03119403,1.656402993,18.42527372,0,12.8935324,12.2696518,10.65796025,88.1751248,12.0616916,25.5791046,34.313433,3.75368161,16.80318416,76.3213934,76.3213934,82.6641795,0.03336511,0.856812399,0.118677043
22.60007474,23.64403494,4.133208975,25.31395534,4.981686591,34.57546285,36.00518923,11.06348264,25.00513445,46.61531863,16.70128366,0,11.19865677,0.09358209,1.737507471,19.04915432,0,12.8935324,12.477612,11.69776125,83.2880601,11.6457712,24.8512439,34.313433,4.246547284,17.84298516,75.1776123,75.1776123,81.6243785,0.025929457,0.870229008,0.12386511
22.28293543,24.94378619,3.914850765,22.86002499,2.364507474,33.84864195,33.96405986,10.99589557,24.61832848,47.34993804,17.16607471,0,10.26283587,0.015597015,1.200970155,18.67482596,0,12.477612,17.676617,24.4353235,83.65199045,11.2298508,22.5636817,34.1054728,3.955403004,17.84298516,76.7373138,76.7373138,73.3059705,0.033031459,0.856118436,0.104409857
22.44410459,23.40903991,4.382761215,24.07659216,2.195019911,31.8147912,33.61260713,10.9179105,25.20477624,47.3099057,17.06937322,0,11.04268662,0,9.224074671,18.6124379,0,12.7895523,66.1313436,27.81467675,88.12313475,11.2298508,22.2517414,33.4815922,3.752641809,16.72000008,77.41318445,77.41318445,77.72512475,0.031553861,0.863289382,0.120622568
23.63987574,19.41932348,3.80567166,16.87077123,4.22159206,30.64397527,32.651831,10.85552244,24.73686579,46.03926888,16.93211948,0,11.63537319,0,7.39298511,18.6124379,0,16.4288558,73.69589588,28.074627,91.3985079,11.1258707,22.3557215,33.273632,4.017791064,17.13592048,77.41318445,77.41318445,88.64303525,0.029456625,0.916493176,0.132944228
19.13753741,11.437811,3.58731345,14.25047271,1.688636824,31.55692055,31.06509468,10.75154234,26.77695535,43.45328379,17.16607471,0,12.69597021,0,6.73791048,18.59164188,0,15.8049752,73.22798543,28.074627,88.1751248,10.0860697,23.2915424,34.1054728,4.234069672,18.15492546,76.68532375,76.68532375,79.80472675,0.033031459,0.716169327,0.154993515
12.28004981,6.513313464,3.7432836,12.91432842,4.137368179,23.93517922,20.47160209,10.66315925,26.58979117,35.63138077,17.33764187,0,12.72716424,0,6.032925402,18.52925382,0,15.3890548,70.55049785,28.074627,84.79577155,9.7741294,22.9796021,32.233831,3.803592058,17.21910456,76.26940335,76.26940335,87.343284,0.035653003,0.411057136,0.155642023
10.04967666,6.980184113,4.11761196,12.42562195,1.772860705,19.67407472,8.059497551,10.42400503,28.18692551,21.09080358,15.68747769,0,11.76014931,0,6.048522417,18.79960208,0,15.8049752,73.04602025,27.81467675,75.905473,9.8781095,22.7716419,32.6497514,3.917970168,17.28149262,78.0890551,78.0890551,102.6803488,0.010438513,0.311820495,0.135538262
9.54537318,10.25555726,3.83686569,14.55201499,2.026572149,15.71035331,6.603776151,10.52278612,35.44889569,13.14984335,15.36617918,0,12.04089558,0,6.179537343,18.21731352,0,15.7009951,75.04763717,28.074627,81.2084581,9.5661692,23.6034827,32.0258708,4.057303502,20.6920399,76.58134365,76.58134365,101.3805975,0.005529075,0.289382373,0.141374838
9.86771149,7.331636851,4.30477614,14.52082096,4.390039822,15.86008465,6.279358239,10.59037319,36.45334346,12.85557966,15.00432843,0,12.85194036,0,6.045403014,17.86378118,0,33.3776121,77.64713967,27.81467675,83.7039805,9.5661692,23.0835822,32.0258708,6.225288587,97.3253736,77.20522425,77.20522425,93.84204025,0,0.303724266,0.158236057
9.36860701,8.840388102,5.287388085,13.40823389,4.22159206,19.18120905,9.085781138,15.08231351,37.36420913,14.23591549,15.02304485,0,12.19686573,3.4313433,6.061000029,18.05094536,0,45.5432838,83.88594568,72.52611975,92.9582094,9.2542289,23.2915424,42.2159206,12.84258215,109.6366174,97.0134333,97.0134333,92.542289,0.000285987,0.281517465,0.14461738
9.425796065,7.253651776,6.27000003,13.18987569,32.50625886,27.28957725,6.902199038,34.55778624,34.30095539,26.19102749,24.6432837,14.2400747,12.94552245,5.73970152,10.403209,18.90358218,9.1502488,45.4393037,92.93221438,108.3992543,100.3927866,9.4621891,30.8820897,148.0676624,76.00009489,205.880598,181.6532347,181.6532347,271.388061,0.147283127,0.284061994,0.160181582
9.456990095,11.81629856,8.469179145,10.83992543,32.75997031,28.91790561,13.05054235,42.41348279,40.39626885,42.90738827,53.36986593,27.04522401,32.19223896,18.32649263,36.9118957,41.55044796,61.7641794,49.8064679,97.1174134,121.3967668,117.9654235,9.7741294,77.1532342,162.0009958,122.7797021,231.9380111,231.4597026,231.4597026,379.0074645,0.586224976,0.285449919,0.560311284
16.22609461,20.70659711,10.45000005,11.57298513,26.00542301,26.67297525,19.29038815,42.7306221,41.20731363,44.23677384,56.78249281,40.27149273,48.60029874,41.65962706,39.02373153,50.05602014,54.47413459,56.6691545,101.900498,127.3756225,109.4390553,20.2761195,168.1358217,166.1601998,58.9619157,237.4489564,259.5551256,259.5551256,439.0559722,0.638369876,0.586629655,0.901426719
22.28813444,20.14718418,9.32701497,20.65044786,26.84974142,29.22776631,26.11252251,43.17253752,40.15919422,46.56436838,58.72588088,38.85216436,49.38014949,41.55044796,32.90034344,47.3109455,53.7587515,54.5895525,103.7461448,124.5161698,99.7169159,119.1611946,194.6507472,167.8238814,82.69329393,236.1180111,266.2680809,266.2680809,457.7723903,0.668064824,0.856349757,0.917639429
22.29853245,18.37952248,9.342611985,19.17393044,33.09686583,29.02812452,27.82923396,42.65263702,42.80444797,40.72016686,69.72489586,38.64940317,42.20552259,40.58343303,47.05307485,49.72328382,55.90282116,53.8616918,98.65111987,128.935324,117.6534832,124.2562195,162.9368167,163.0407968,155.2714037,235.015822,264.4567475,264.4567475,451.5335843,0.836129647,0.856812399,0.76848249
23.23955235,19.5503384,8.79671646,18.36808466,32.16832354,30.6762091,29.62289069,41.70121911,40.80803005,40.26421412,71.44368691,39.52283601,40.42746288,42.59544797,50.31908979,47.01980122,45.89577634,54.5895525,97.81927908,126.0758712,118.9012443,113.338309,202.8651751,164.7044784,107.1868463,223.0997026,267.5106431,267.5106431,449.194032,0.862392755,0.898681471,0.73151751
21.58626876,19.25087571,9.061865715,19.06995034,30.81762204,30.28940313,30.60966184,42.36669175,38.70555242,39.27172407,47.91091068,32.31701508,38.0567166,42.01835841,31.07237328,46.72865694,38.46119919,55.4213933,85.91355763,145.57214,119.0572145,105.8517418,198.1860706,175.1024884,103.5350652,201.9085582,263.9129316,263.9129316,423.4589572,0.502812202,0.825121443,0.682230869
22.5636817,19.15937323,9.17104482,19.35069661,26.17387077,33.12909966,29.34942303,42.27830866,42.30534349,38.01824396,60.94065701,37.85395541,42.48626886,38.10350765,44.20817932,46.4791047,51.18524403,53.8616918,94.17997558,144.0124385,128.5194036,124.4641797,148.4835828,166.1601998,109.1260751,158.6320406,261.4870759,261.4870759,427.6181613,0.701906578,0.868609762,0.774319066
21.91380608,19.14689561,8.76552243,18.74761203,21.95227871,28.74945785,29.50539318,41.34768677,44.85077633,39.20673651,58.71964207,34.90611957,37.71358227,37.82276138,46.83471664,48.41313456,67.34167196,50.4303485,90.22873178,142.452737,127.895523,127.895523,210.5597025,174.686568,121.865717,139.0629857,259.7225336,259.7225336,405.52239,0.667969495,0.839694656,0.675097276
21.30032349,19.87475631,9.436194075,19.17912945,26.9329255,29.37125885,30.55767179,36.02910465,41.24474647,37.19732107,55.98704504,30.22701507,40.89537333,37.71358227,41.78128378,50.65910472,43.03528379,48.0388062,81.23445313,143.492538,127.9475131,108.9711448,161.8970157,162.208956,71.20869188,120.3049757,245.7840012,245.7840012,364.1903003,0.626215443,0.812398797,0.741245136
20.82721403,22.3578011,9.716940345,21.26393045,14.85979609,32.35444792,29.85580611,36.67378127,30.53271656,38.92754994,29.81525387,37.41723899,30.91328373,37.80716436,15.806015,51.5741296,15.58557719,42.7358211,64.59763712,151.2910455,121.3967668,84.3278611,65.7154232,150.771145,93.45627408,111.6122393,217.3849563,217.3849563,337.1554743,0.226310772,0.791348601,0.533722438
20.33850756,21.86285583,9.358209,21.82542299,3.292009966,33.95054245,33.85903996,36.11228873,36.06029868,43.97474399,28.57061208,27.9654479,15.69059709,39.72559721,7.533358245,39.4084579,1.145860702,38.3686569,50.76828383,154.4104485,120.1490056,16.0129354,37.3288559,147.4437818,108.4034135,83.26726408,171.3072147,171.3072147,249.8121903,0.20729266,0.769604441,0.217250324
22.17375633,25.164224,9.779328405,23.65027375,1.941308467,33.6937116,34.82085589,34.07427877,34.11379121,46.54877137,28.82640312,20.15134338,14.44283589,28.24619417,4.872507486,34.68776136,0.286985076,35.353234,49.78047288,151.5509958,104.5519906,15.1810946,33.4815922,148.0676624,50.49377636,96.88865718,143.2845778,143.2845778,194.1828368,0.211201144,0.851260699,0.191309987
24.59649266,26.46293545,6.067238835,24.06099514,4.643751266,32.7537315,33.02719916,33.76233847,37.96937332,45.99403753,29.12898521,0,13.4134329,7.82970153,2.791865685,29.77990064,3.002945288,26.9308459,49.57251268,126.855722,93.1661696,14.9731344,36.6009952,145.3641798,64.28673663,40.30268676,130.6509957,130.6509957,121.656717,0.215824595,0.959056211,0.169909209
23.06798519,26.85494043,4.64791047,23.48390559,2.109756229,32.36068672,34.04204494,25.7818658,32.71629866,47.63328381,28.66731357,0,13.60059708,0,4.167522408,22.75084588,0,26.5149255,52.4059704,122.1766175,95.7656721,14.9731344,29.9462688,128.7273638,99.60565719,25.14238818,97.5333338,97.5333338,98.52114475,0.208770257,0.891047883,0.173800259
22.22054737,23.42255733,4.58552241,24.64848271,5.065910472,34.12210962,32.93673648,26.54092052,27.0389852,46.6912241,28.40840312,0,11.91611946,0,4.105134348,22.33492548,0,19.8601991,48.29875645,101.1206473,96.12960245,14.557214,28.2825872,125.815921,90.19857755,23.02119414,85.8875626,85.8875626,81.88432875,0.204814109,0.853342586,0.138780804
21.64345782,23.52653743,4.070820915,24.33654241,2.025532348,31.4009504,33.15821409,26.40054739,30.06480611,47.42844301,27.31973147,0,8.01686571,0,3.593552256,21.77343294,0,19.2363185,54.82350773,48.870647,90.2547268,14.557214,25.995025,118.537314,6.033965203,23.64507474,85.10771185,85.10771185,76.945274,0.188179218,0.827665973,0.05771725
16.05452744,18.72993541,3.852462705,17.72340805,2.616139316,33.65003996,34.25000514,25.50111952,32.31077627,46.21759475,27.3509255,0,5.27179107,0,4.245507483,20.04736328,0,19.4442787,58.1248759,42.37189075,76.0094531,14.7651742,26.3069653,71.3303486,4.195597035,23.64507474,84.79577155,84.79577155,75.64552275,0.188655863,0.578996068,0.000648508
